id_client;code_client;prenom;nom;email;id_ville
1;M1S5;MARY;SMITH;MARY.SMITH@sakilacustomer.org;463
2;P2J6;PATRICIA;JOHNSON;PATRICIA.JOHNSON@sakilacustomer.org;449
3;L3W7;LINDA;WILLIAMS;LINDA.WILLIAMS@sakilacustomer.org;38
4;B4J8;BARBARA;JONES;BARBARA.JONES@sakilacustomer.org;349
5;E5B9;ELIZABETH;BROWN;ELIZABETH.BROWN@sakilacustomer.org;361
6;J6D10;JENNIFER;DAVIS;JENNIFER.DAVIS@sakilacustomer.org;295
7;M7M11;MARIA;MILLER;MARIA.MILLER@sakilacustomer.org;280
8;S8W12;SUSAN;WILSON;SUSAN.WILSON@sakilacustomer.org;200
9;M9M13;MARGARET;MOORE;MARGARET.MOORE@sakilacustomer.org;329
10;D10T14;DOROTHY;TAYLOR;DOROTHY.TAYLOR@sakilacustomer.org;162
11;L11A15;LISA;ANDERSON;LISA.ANDERSON@sakilacustomer.org;440
12;N12T16;NANCY;THOMAS;NANCY.THOMAS@sakilacustomer.org;582
13;K13J17;KAREN;JACKSON;KAREN.JACKSON@sakilacustomer.org;384
14;B14W18;BETTY;WHITE;BETTY.WHITE@sakilacustomer.org;120
15;H15H19;HELEN;HARRIS;HELEN.HARRIS@sakilacustomer.org;76
16;S16M20;SANDRA;MARTIN;SANDRA.MARTIN@sakilacustomer.org;495
17;D17T21;DONNA;THOMPSON;DONNA.THOMPSON@sakilacustomer.org;156
18;C18G22;CAROL;GARCIA;CAROL.GARCIA@sakilacustomer.org;252
19;R19M23;RUTH;MARTINEZ;RUTH.MARTINEZ@sakilacustomer.org;267
20;S20R24;SHARON;ROBINSON;SHARON.ROBINSON@sakilacustomer.org;327
21;M21C25;MICHELLE;CLARK;MICHELLE.CLARK@sakilacustomer.org;525
22;L22R26;LAURA;RODRIGUEZ;LAURA.RODRIGUEZ@sakilacustomer.org;443
23;S23L27;SARAH;LEWIS;SARAH.LEWIS@sakilacustomer.org;303
24;K24L28;KIMBERLY;LEE;KIMBERLY.LEE@sakilacustomer.org;128
25;D25W29;DEBORAH;WALKER;DEBORAH.WALKER@sakilacustomer.org;472
26;J26H30;JESSICA;HALL;JESSICA.HALL@sakilacustomer.org;121
27;S27A31;SHIRLEY;ALLEN;SHIRLEY.ALLEN@sakilacustomer.org;138
28;C28Y32;CYNTHIA;YOUNG;CYNTHIA.YOUNG@sakilacustomer.org;346
29;A29H33;ANGELA;HERNANDEZ;ANGELA.HERNANDEZ@sakilacustomer.org;474
30;M30K34;MELISSA;KING;MELISSA.KING@sakilacustomer.org;316
31;B31W35;BRENDA;WRIGHT;BRENDA.WRIGHT@sakilacustomer.org;257
32;A32L36;AMY;LOPEZ;AMY.LOPEZ@sakilacustomer.org;239
33;A33H37;ANNA;HILL;ANNA.HILL@sakilacustomer.org;17
34;R34S38;REBECCA;SCOTT;REBECCA.SCOTT@sakilacustomer.org;284
35;V35G39;VIRGINIA;GREEN;VIRGINIA.GREEN@sakilacustomer.org;544
36;K36A40;KATHLEEN;ADAMS;KATHLEEN.ADAMS@sakilacustomer.org;31
37;P37B41;PAMELA;BAKER;PAMELA.BAKER@sakilacustomer.org;362
38;M38G42;MARTHA;GONZALEZ;MARTHA.GONZALEZ@sakilacustomer.org;115
39;D39N43;DEBRA;NELSON;DEBRA.NELSON@sakilacustomer.org;569
40;A40C44;AMANDA;CARTER;AMANDA.CARTER@sakilacustomer.org;353
41;S41M45;STEPHANIE;MITCHELL;STEPHANIE.MITCHELL@sakilacustomer.org;586
42;C42P46;CAROLYN;PEREZ;CAROLYN.PEREZ@sakilacustomer.org;394
43;C43R47;CHRISTINE;ROBERTS;CHRISTINE.ROBERTS@sakilacustomer.org;167
44;M44T48;MARIE;TURNER;MARIE.TURNER@sakilacustomer.org;308
45;J45P49;JANET;PHILLIPS;JANET.PHILLIPS@sakilacustomer.org;27
46;C46C50;CATHERINE;CAMPBELL;CATHERINE.CAMPBELL@sakilacustomer.org;343
47;F47P51;FRANCES;PARKER;FRANCES.PARKER@sakilacustomer.org;247
48;A48E52;ANN;EVANS;ANN.EVANS@sakilacustomer.org;367
49;J49E53;JOYCE;EDWARDS;JOYCE.EDWARDS@sakilacustomer.org;237
50;D50C54;DIANE;COLLINS;DIANE.COLLINS@sakilacustomer.org;379
51;A51S55;ALICE;STEWART;ALICE.STEWART@sakilacustomer.org;171
52;J52S56;JULIE;SANCHEZ;JULIE.SANCHEZ@sakilacustomer.org;1
53;H53M57;HEATHER;MORRIS;HEATHER.MORRIS@sakilacustomer.org;355
54;T54R58;TERESA;ROGERS;TERESA.ROGERS@sakilacustomer.org;227
55;D55R59;DORIS;REED;DORIS.REED@sakilacustomer.org;49
56;G56C60;GLORIA;COOK;GLORIA.COOK@sakilacustomer.org;397
57;E57M61;EVELYN;MORGAN;EVELYN.MORGAN@sakilacustomer.org;560
58;J58B62;JEAN;BELL;JEAN.BELL@sakilacustomer.org;282
59;C59M63;CHERYL;MURPHY;CHERYL.MURPHY@sakilacustomer.org;350
60;M60B64;MILDRED;BAILEY;MILDRED.BAILEY@sakilacustomer.org;231
61;K61R65;KATHERINE;RIVERA;KATHERINE.RIVERA@sakilacustomer.org;56
62;J62C66;JOAN;COOPER;JOAN.COOPER@sakilacustomer.org;441
63;A63R67;ASHLEY;RICHARDSON;ASHLEY.RICHARDSON@sakilacustomer.org;306
64;J64C68;JUDITH;COX;JUDITH.COX@sakilacustomer.org;139
65;R65H69;ROSE;HOWARD;ROSE.HOWARD@sakilacustomer.org;105
66;J66W70;JANICE;WARD;JANICE.WARD@sakilacustomer.org;321
67;K67T71;KELLY;TORRES;KELLY.TORRES@sakilacustomer.org;579
68;N68P72;NICOLE;PETERSON;NICOLE.PETERSON@sakilacustomer.org;475
69;J69G73;JUDY;GRAY;JUDY.GRAY@sakilacustomer.org;63
70;C70R74;CHRISTINA;RAMIREZ;CHRISTINA.RAMIREZ@sakilacustomer.org;13
71;K71J75;KATHY;JAMES;KATHY.JAMES@sakilacustomer.org;61
72;T72W76;THERESA;WATSON;THERESA.WATSON@sakilacustomer.org;517
73;B73B77;BEVERLY;BROOKS;BEVERLY.BROOKS@sakilacustomer.org;114
74;D74K78;DENISE;KELLY;DENISE.KELLY@sakilacustomer.org;431
75;T75S79;TAMMY;SANDERS;TAMMY.SANDERS@sakilacustomer.org;108
76;I76P80;IRENE;PRICE;IRENE.PRICE@sakilacustomer.org;402
77;J77B81;JANE;BENNETT;JANE.BENNETT@sakilacustomer.org;30
78;L78W82;LORI;WOOD;LORI.WOOD@sakilacustomer.org;425
79;R79B83;RACHEL;BARNES;RACHEL.BARNES@sakilacustomer.org;256
80;M80R84;MARILYN;ROSS;MARILYN.ROSS@sakilacustomer.org;217
81;A81H85;ANDREA;HENDERSON;ANDREA.HENDERSON@sakilacustomer.org;319
82;K82C86;KATHRYN;COLEMAN;KATHRYN.COLEMAN@sakilacustomer.org;479
83;L83J87;LOUISE;JENKINS;LOUISE.JENKINS@sakilacustomer.org;497
84;S84P88;SARA;PERRY;SARA.PERRY@sakilacustomer.org;40
85;A85P89;ANNE;POWELL;ANNE.POWELL@sakilacustomer.org;88
86;J86L90;JACQUELINE;LONG;JACQUELINE.LONG@sakilacustomer.org;489
87;W87P91;WANDA;PATTERSON;WANDA.PATTERSON@sakilacustomer.org;480
88;B88H92;BONNIE;HUGHES;BONNIE.HUGHES@sakilacustomer.org;113
89;J89F93;JULIA;FLORES;JULIA.FLORES@sakilacustomer.org;289
90;R90W94;RUBY;WASHINGTON;RUBY.WASHINGTON@sakilacustomer.org;332
91;L91B95;LOIS;BUTLER;LOIS.BUTLER@sakilacustomer.org;53
92;T92S96;TINA;SIMMONS;TINA.SIMMONS@sakilacustomer.org;183
93;P93F97;PHYLLIS;FOSTER;PHYLLIS.FOSTER@sakilacustomer.org;592
94;N94G98;NORMA;GONZALES;NORMA.GONZALES@sakilacustomer.org;82
95;P95B99;PAULA;BRYANT;PAULA.BRYANT@sakilacustomer.org;399
96;D96A100;DIANA;ALEXANDER;DIANA.ALEXANDER@sakilacustomer.org;41
97;A97R101;ANNIE;RUSSELL;ANNIE.RUSSELL@sakilacustomer.org;534
98;L98G102;LILLIAN;GRIFFIN;LILLIAN.GRIFFIN@sakilacustomer.org;12
99;E99D103;EMILY;DIAZ;EMILY.DIAZ@sakilacustomer.org;268
100;R100H104;ROBIN;HAYES;ROBIN.HAYES@sakilacustomer.org;238
101;P101M105;PEGGY;MYERS;PEGGY.MYERS@sakilacustomer.org;2
102;C102F106;CRYSTAL;FORD;CRYSTAL.FORD@sakilacustomer.org;34
103;G103H107;GLADYS;HAMILTON;GLADYS.HAMILTON@sakilacustomer.org;220
104;R104G108;RITA;GRAHAM;RITA.GRAHAM@sakilacustomer.org;543
105;D105S109;DAWN;SULLIVAN;DAWN.SULLIVAN@sakilacustomer.org;173
106;C106W110;CONNIE;WALLACE;CONNIE.WALLACE@sakilacustomer.org;225
107;F107W111;FLORENCE;WOODS;FLORENCE.WOODS@sakilacustomer.org;334
108;T108C112;TRACY;COLE;TRACY.COLE@sakilacustomer.org;213
109;E109W113;EDNA;WEST;EDNA.WEST@sakilacustomer.org;273
110;T110J114;TIFFANY;JORDAN;TIFFANY.JORDAN@sakilacustomer.org;159
111;C111O115;CARMEN;OWENS;CARMEN.OWENS@sakilacustomer.org;102
112;R112R116;ROSA;REYNOLDS;ROSA.REYNOLDS@sakilacustomer.org;292
113;C113F117;CINDY;FISHER;CINDY.FISHER@sakilacustomer.org;132
114;G114E118;GRACE;ELLIS;GRACE.ELLIS@sakilacustomer.org;148
115;W115H119;WENDY;HARRISON;WENDY.HARRISON@sakilacustomer.org;365
116;V116G120;VICTORIA;GIBSON;VICTORIA.GIBSON@sakilacustomer.org;403
117;E117M121;EDITH;MCDONALD;EDITH.MCDONALD@sakilacustomer.org;176
118;K118C122;KIM;CRUZ;KIM.CRUZ@sakilacustomer.org;185
119;S119M123;SHERRY;MARSHALL;SHERRY.MARSHALL@sakilacustomer.org;476
120;S120O124;SYLVIA;ORTIZ;SYLVIA.ORTIZ@sakilacustomer.org;147
121;J121G125;JOSEPHINE;GOMEZ;JOSEPHINE.GOMEZ@sakilacustomer.org;164
122;T122M126;THELMA;MURRAY;THELMA.MURRAY@sakilacustomer.org;305
123;S123F127;SHANNON;FREEMAN;SHANNON.FREEMAN@sakilacustomer.org;566
124;S124W128;SHEILA;WELLS;SHEILA.WELLS@sakilacustomer.org;281
125;E125W129;ETHEL;WEBB;ETHEL.WEBB@sakilacustomer.org;85
126;E126S130;ELLEN;SIMPSON;ELLEN.SIMPSON@sakilacustomer.org;410
127;E127S131;ELAINE;STEVENS;ELAINE.STEVENS@sakilacustomer.org;484
128;M128T132;MARJORIE;TUCKER;MARJORIE.TUCKER@sakilacustomer.org;236
129;C129P133;CARRIE;PORTER;CARRIE.PORTER@sakilacustomer.org;302
130;C130H134;CHARLOTTE;HUNTER;CHARLOTTE.HUNTER@sakilacustomer.org;190
131;M131H135;MONICA;HICKS;MONICA.HICKS@sakilacustomer.org;345
132;E132C136;ESTHER;CRAWFORD;ESTHER.CRAWFORD@sakilacustomer.org;87
133;P133H137;PAULINE;HENRY;PAULINE.HENRY@sakilacustomer.org;541
134;E134B138;EMMA;BOYD;EMMA.BOYD@sakilacustomer.org;421
135;J135M139;JUANITA;MASON;JUANITA.MASON@sakilacustomer.org;417
136;A136M140;ANITA;MORALES;ANITA.MORALES@sakilacustomer.org;211
137;R137K141;RHONDA;KENNEDY;RHONDA.KENNEDY@sakilacustomer.org;29
138;H138W142;HAZEL;WARREN;HAZEL.WARREN@sakilacustomer.org;207
139;A139D143;AMBER;DIXON;AMBER.DIXON@sakilacustomer.org;542
140;E140R144;EVA;RAMOS;EVA.RAMOS@sakilacustomer.org;123
141;D141R145;DEBBIE;REYES;DEBBIE.REYES@sakilacustomer.org;172
142;A142B146;APRIL;BURNS;APRIL.BURNS@sakilacustomer.org;149
143;L143G147;LESLIE;GORDON;LESLIE.GORDON@sakilacustomer.org;266
144;C144S148;CLARA;SHAW;CLARA.SHAW@sakilacustomer.org;340
145;L145H149;LUCILLE;HOLMES;LUCILLE.HOLMES@sakilacustomer.org;491
146;J146R150;JAMIE;RICE;JAMIE.RICE@sakilacustomer.org;499
147;J147R151;JOANNE;ROBERTSON;JOANNE.ROBERTSON@sakilacustomer.org;555
148;E148H152;ELEANOR;HUNT;ELEANOR.HUNT@sakilacustomer.org;442
149;V149B153;VALERIE;BLACK;VALERIE.BLACK@sakilacustomer.org;94
150;D150D154;DANIELLE;DANIELS;DANIELLE.DANIELS@sakilacustomer.org;202
151;M151P155;MEGAN;PALMER;MEGAN.PALMER@sakilacustomer.org;291
152;A152M156;ALICIA;MILLS;ALICIA.MILLS@sakilacustomer.org;354
153;S153N157;SUZANNE;NICHOLS;SUZANNE.NICHOLS@sakilacustomer.org;232
154;M154G158;MICHELE;GRANT;MICHELE.GRANT@sakilacustomer.org;590
155;G155K159;GAIL;KNIGHT;GAIL.KNIGHT@sakilacustomer.org;72
156;B156F160;BERTHA;FERGUSON;BERTHA.FERGUSON@sakilacustomer.org;381
157;D157R161;DARLENE;ROSE;DARLENE.ROSE@sakilacustomer.org;420
158;V158S162;VERONICA;STONE;VERONICA.STONE@sakilacustomer.org;187
159;J159H163;JILL;HAWKINS;JILL.HAWKINS@sakilacustomer.org;307
160;E160D164;ERIN;DUNN;ERIN.DUNN@sakilacustomer.org;310
161;G161P165;GERALDINE;PERKINS;GERALDINE.PERKINS@sakilacustomer.org;533
162;L162H166;LAUREN;HUDSON;LAUREN.HUDSON@sakilacustomer.org;297
163;C163S167;CATHY;SPENCER;CATHY.SPENCER@sakilacustomer.org;253
164;J164G168;JOANN;GARDNER;JOANN.GARDNER@sakilacustomer.org;529
165;L165S169;LORRAINE;STEPHENS;LORRAINE.STEPHENS@sakilacustomer.org;199
166;L166P170;LYNN;PAYNE;LYNN.PAYNE@sakilacustomer.org;304
167;S167P171;SALLY;PIERCE;SALLY.PIERCE@sakilacustomer.org;107
168;R168B172;REGINA;BERRY;REGINA.BERRY@sakilacustomer.org;240
169;E169M173;ERICA;MATTHEWS;ERICA.MATTHEWS@sakilacustomer.org;407
170;B170A174;BEATRICE;ARNOLD;BEATRICE.ARNOLD@sakilacustomer.org;550
171;D171W175;DOLORES;WAGNER;DOLORES.WAGNER@sakilacustomer.org;223
172;B172W176;BERNICE;WILLIS;BERNICE.WILLIS@sakilacustomer.org;58
173;A173R177;AUDREY;RAY;AUDREY.RAY@sakilacustomer.org;186
174;Y174W178;YVONNE;WATKINS;YVONNE.WATKINS@sakilacustomer.org;373
175;A175O179;ANNETTE;OLSON;ANNETTE.OLSON@sakilacustomer.org;18
176;J176C180;JUNE;CARROLL;JUNE.CARROLL@sakilacustomer.org;483
177;S177D181;SAMANTHA;DUNCAN;SAMANTHA.DUNCAN@sakilacustomer.org;330
178;M178S182;MARION;SNYDER;MARION.SNYDER@sakilacustomer.org;456
179;D179H183;DANA;HART;DANA.HART@sakilacustomer.org;270
180;S180C184;STACY;CUNNINGHAM;STACY.CUNNINGHAM@sakilacustomer.org;405
181;A181B185;ANA;BRADLEY;ANA.BRADLEY@sakilacustomer.org;333
182;R182L186;RENEE;LANE;RENEE.LANE@sakilacustomer.org;126
183;I183A187;IDA;ANDREWS;IDA.ANDREWS@sakilacustomer.org;317
184;V184R188;VIVIAN;RUIZ;VIVIAN.RUIZ@sakilacustomer.org;438
185;R185H189;ROBERTA;HARPER;ROBERTA.HARPER@sakilacustomer.org;467
186;H186F190;HOLLY;FOX;HOLLY.FOX@sakilacustomer.org;195
187;B187R191;BRITTANY;RILEY;BRITTANY.RILEY@sakilacustomer.org;506
188;M188A192;MELANIE;ARMSTRONG;MELANIE.ARMSTRONG@sakilacustomer.org;62
189;L189C193;LORETTA;CARPENTER;LORETTA.CARPENTER@sakilacustomer.org;383
190;Y190W194;YOLANDA;WEAVER;YOLANDA.WEAVER@sakilacustomer.org;513
191;J191G195;JEANETTE;GREENE;JEANETTE.GREENE@sakilacustomer.org;369
192;L192L196;LAURIE;LAWRENCE;LAURIE.LAWRENCE@sakilacustomer.org;169
193;K193E197;KATIE;ELLIOTT;KATIE.ELLIOTT@sakilacustomer.org;271
194;K194C198;KRISTEN;CHAVEZ;KRISTEN.CHAVEZ@sakilacustomer.org;204
195;V195S199;VANESSA;SIMS;VANESSA.SIMS@sakilacustomer.org;477
196;A196A200;ALMA;AUSTIN;ALMA.AUSTIN@sakilacustomer.org;325
197;S197P201;SUE;PETERS;SUE.PETERS@sakilacustomer.org;109
198;E198K202;ELSIE;KELLEY;ELSIE.KELLEY@sakilacustomer.org;218
199;B199F203;BETH;FRANKLIN;BETH.FRANKLIN@sakilacustomer.org;194
200;J200L204;JEANNE;LAWSON;JEANNE.LAWSON@sakilacustomer.org;35
201;V201F205;VICKI;FIELDS;VICKI.FIELDS@sakilacustomer.org;575
202;C202G206;CARLA;GUTIERREZ;CARLA.GUTIERREZ@sakilacustomer.org;77
203;T203R207;TARA;RYAN;TARA.RYAN@sakilacustomer.org;184
204;R204S208;ROSEMARY;SCHMIDT;ROSEMARY.SCHMIDT@sakilacustomer.org;557
205;E205C209;EILEEN;CARR;EILEEN.CARR@sakilacustomer.org;122
206;T206V210;TERRI;VASQUEZ;TERRI.VASQUEZ@sakilacustomer.org;83
207;G207C211;GERTRUDE;CASTILLO;GERTRUDE.CASTILLO@sakilacustomer.org;371
208;L208W212;LUCY;WHEELER;LUCY.WHEELER@sakilacustomer.org;51
209;T209C213;TONYA;CHAPMAN;TONYA.CHAPMAN@sakilacustomer.org;74
210;E210O214;ELLA;OLIVER;ELLA.OLIVER@sakilacustomer.org;7
211;S211M215;STACEY;MONTGOMERY;STACEY.MONTGOMERY@sakilacustomer.org;174
212;W212R216;WILMA;RICHARDS;WILMA.RICHARDS@sakilacustomer.org;65
213;G213W217;GINA;WILLIAMSON;GINA.WILLIAMSON@sakilacustomer.org;518
214;K214J218;KRISTIN;JOHNSTON;KRISTIN.JOHNSTON@sakilacustomer.org;508
215;J215B219;JESSIE;BANKS;JESSIE.BANKS@sakilacustomer.org;498
216;N216M220;NATALIE;MEYER;NATALIE.MEYER@sakilacustomer.org;28
217;A217B221;AGNES;BISHOP;AGNES.BISHOP@sakilacustomer.org;448
218;V218M222;VERA;MCCOY;VERA.MCCOY@sakilacustomer.org;251
219;W219H223;WILLIE;HOWELL;WILLIE.HOWELL@sakilacustomer.org;567
220;C220A224;CHARLENE;ALVAREZ;CHARLENE.ALVAREZ@sakilacustomer.org;593
221;B221M225;BESSIE;MORRISON;BESSIE.MORRISON@sakilacustomer.org;511
222;D222H226;DELORES;HANSEN;DELORES.HANSEN@sakilacustomer.org;235
223;M223F227;MELINDA;FERNANDEZ;MELINDA.FERNANDEZ@sakilacustomer.org;324
224;P224G228;PEARL;GARZA;PEARL.GARZA@sakilacustomer.org;243
225;A225H229;ARLENE;HARVEY;ARLENE.HARVEY@sakilacustomer.org;22
226;M226L230;MAUREEN;LITTLE;MAUREEN.LITTLE@sakilacustomer.org;37
227;C227B231;COLLEEN;BURTON;COLLEEN.BURTON@sakilacustomer.org;439
228;A228S232;ALLISON;STANLEY;ALLISON.STANLEY@sakilacustomer.org;406
229;T229N233;TAMARA;NGUYEN;TAMARA.NGUYEN@sakilacustomer.org;26
230;J230G234;JOY;GEORGE;JOY.GEORGE@sakilacustomer.org;86
231;G231J235;GEORGIA;JACOBS;GEORGIA.JACOBS@sakilacustomer.org;559
232;C232R236;CONSTANCE;REID;CONSTANCE.REID@sakilacustomer.org;596
233;L233K237;LILLIE;KIM;LILLIE.KIM@sakilacustomer.org;216
234;C234F238;CLAUDIA;FULLER;CLAUDIA.FULLER@sakilacustomer.org;233
235;J235L239;JACKIE;LYNCH;JACKIE.LYNCH@sakilacustomer.org;96
236;M236D240;MARCIA;DEAN;MARCIA.DEAN@sakilacustomer.org;527
237;T237G241;TANYA;GILBERT;TANYA.GILBERT@sakilacustomer.org;357
238;N238G242;NELLIE;GARRETT;NELLIE.GARRETT@sakilacustomer.org;473
239;M239R243;MINNIE;ROMERO;MINNIE.ROMERO@sakilacustomer.org;118
240;M240W244;MARLENE;WELCH;MARLENE.WELCH@sakilacustomer.org;226
241;H241L245;HEIDI;LARSON;HEIDI.LARSON@sakilacustomer.org;578
242;G242F246;GLENDA;FRAZIER;GLENDA.FRAZIER@sakilacustomer.org;422
243;L243B247;LYDIA;BURKE;LYDIA.BURKE@sakilacustomer.org;454
244;V244H248;VIOLA;HANSON;VIOLA.HANSON@sakilacustomer.org;294
245;C245D249;COURTNEY;DAY;COURTNEY.DAY@sakilacustomer.org;553
246;M246M250;MARIAN;MENDOZA;MARIAN.MENDOZA@sakilacustomer.org;328
247;S247M251;STELLA;MORENO;STELLA.MORENO@sakilacustomer.org;124
248;C248B252;CAROLINE;BOWMAN;CAROLINE.BOWMAN@sakilacustomer.org;520
249;D249M253;DORA;MEDINA;DORA.MEDINA@sakilacustomer.org;535
250;J250F254;JO;FOWLER;JO.FOWLER@sakilacustomer.org;390
251;V251B255;VICKIE;BREWER;VICKIE.BREWER@sakilacustomer.org;198
252;M252H256;MATTIE;HOFFMAN;MATTIE.HOFFMAN@sakilacustomer.org;312
253;T253C258;TERRY;CARLSON;TERRY.CARLSON@sakilacustomer.org;338
254;M254S259;MAXINE;SILVA;MAXINE.SILVA@sakilacustomer.org;413
255;I255P260;IRMA;PEARSON;IRMA.PEARSON@sakilacustomer.org;192
256;M256H261;MABEL;HOLLAND;MABEL.HOLLAND@sakilacustomer.org;342
257;M257D262;MARSHA;DOUGLAS;MARSHA.DOUGLAS@sakilacustomer.org;64
258;M258F263;MYRTLE;FLEMING;MYRTLE.FLEMING@sakilacustomer.org;460
259;L259J264;LENA;JENSEN;LENA.JENSEN@sakilacustomer.org;197
260;C260V265;CHRISTY;VARGAS;CHRISTY.VARGAS@sakilacustomer.org;136
261;D261B266;DEANNA;BYRD;DEANNA.BYRD@sakilacustomer.org;548
262;P262D267;PATSY;DAVIDSON;PATSY.DAVIDSON@sakilacustomer.org;414
263;H263H268;HILDA;HOPKINS;HILDA.HOPKINS@sakilacustomer.org;323
264;G264M269;GWENDOLYN;MAY;GWENDOLYN.MAY@sakilacustomer.org;203
265;J265T270;JENNIE;TERRY;JENNIE.TERRY@sakilacustomer.org;378
266;N266H271;NORA;HERRERA;NORA.HERRERA@sakilacustomer.org;447
267;M267W272;MARGIE;WADE;MARGIE.WADE@sakilacustomer.org;298
268;N268S273;NINA;SOTO;NINA.SOTO@sakilacustomer.org;395
269;C269W274;CASSANDRA;WALTERS;CASSANDRA.WALTERS@sakilacustomer.org;446
270;L270C275;LEAH;CURTIS;LEAH.CURTIS@sakilacustomer.org;255
271;P271N276;PENNY;NEAL;PENNY.NEAL@sakilacustomer.org;283
272;K272C277;KAY;CALDWELL;KAY.CALDWELL@sakilacustomer.org;584
273;P273L278;PRISCILLA;LOWE;PRISCILLA.LOWE@sakilacustomer.org;445
274;N274J279;NAOMI;JENNINGS;NAOMI.JENNINGS@sakilacustomer.org;263
275;C275B280;CAROLE;BARNETT;CAROLE.BARNETT@sakilacustomer.org;404
276;B276G281;BRANDY;GRAVES;BRANDY.GRAVES@sakilacustomer.org;573
277;O277J282;OLGA;JIMENEZ;OLGA.JIMENEZ@sakilacustomer.org;374
278;B278H283;BILLIE;HORTON;BILLIE.HORTON@sakilacustomer.org;222
279;D279S284;DIANNE;SHELTON;DIANNE.SHELTON@sakilacustomer.org;514
280;T280B285;TRACEY;BARRETT;TRACEY.BARRETT@sakilacustomer.org;389
281;L281O286;LEONA;OBRIEN;LEONA.OBRIEN@sakilacustomer.org;175
282;J282C287;JENNY;CASTRO;JENNY.CASTRO@sakilacustomer.org;411
283;F283S288;FELICIA;SUTTON;FELICIA.SUTTON@sakilacustomer.org;277
284;S284G289;SONIA;GREGORY;SONIA.GREGORY@sakilacustomer.org;69
285;M285M290;MIRIAM;MCKINNEY;MIRIAM.MCKINNEY@sakilacustomer.org;386
286;V286L291;VELMA;LUCAS;VELMA.LUCAS@sakilacustomer.org;152
287;B287M292;BECKY;MILES;BECKY.MILES@sakilacustomer.org;522
288;B288C293;BOBBIE;CRAIG;BOBBIE.CRAIG@sakilacustomer.org;563
289;V289R294;VIOLET;RODRIQUEZ;VIOLET.RODRIQUEZ@sakilacustomer.org;279
290;K290C295;KRISTINA;CHAMBERS;KRISTINA.CHAMBERS@sakilacustomer.org;562
291;T291H296;TONI;HOLT;TONI.HOLT@sakilacustomer.org;433
292;M292L297;MISTY;LAMBERT;MISTY.LAMBERT@sakilacustomer.org;470
293;M293F298;MAE;FLETCHER;MAE.FLETCHER@sakilacustomer.org;146
294;S294W299;SHELLY;WATTS;SHELLY.WATTS@sakilacustomer.org;140
295;D295B300;DAISY;BATES;DAISY.BATES@sakilacustomer.org;274
296;R296H301;RAMONA;HALE;RAMONA.HALE@sakilacustomer.org;400
297;S297R302;SHERRI;RHODES;SHERRI.RHODES@sakilacustomer.org;9
298;E298P303;ERIKA;PENA;ERIKA.PENA@sakilacustomer.org;387
299;J299G304;JAMES;GANNON;JAMES.GANNON@sakilacustomer.org;205
300;J300F305;JOHN;FARNSWORTH;JOHN.FARNSWORTH@sakilacustomer.org;398
301;R301B306;ROBERT;BAUGHMAN;ROBERT.BAUGHMAN@sakilacustomer.org;254
302;M302S307;MICHAEL;SILVERMAN;MICHAEL.SILVERMAN@sakilacustomer.org;536
303;W303S308;WILLIAM;SATTERFIELD;WILLIAM.SATTERFIELD@sakilacustomer.org;455
304;D304R309;DAVID;ROYAL;DAVID.ROYAL@sakilacustomer.org;99
305;R305M310;RICHARD;MCCRARY;RICHARD.MCCRARY@sakilacustomer.org;33
306;C306K311;CHARLES;KOWALSKI;CHARLES.KOWALSKI@sakilacustomer.org;507
307;J307J312;JOSEPH;JOY;JOSEPH.JOY@sakilacustomer.org;25
308;T308G313;THOMAS;GRIGSBY;THOMAS.GRIGSBY@sakilacustomer.org;262
309;C309G314;CHRISTOPHER;GRECO;CHRISTOPHER.GRECO@sakilacustomer.org;91
310;D310C315;DANIEL;CABRAL;DANIEL.CABRAL@sakilacustomer.org;215
311;P311T316;PAUL;TROUT;PAUL.TROUT@sakilacustomer.org;286
312;M312R317;MARK;RINEHART;MARK.RINEHART@sakilacustomer.org;515
313;D313M318;DONALD;MAHON;DONALD.MAHON@sakilacustomer.org;166
314;G314L319;GEORGE;LINTON;GEORGE.LINTON@sakilacustomer.org;490
315;K315G320;KENNETH;GOODEN;KENNETH.GOODEN@sakilacustomer.org;57
316;S316C321;STEVEN;CURLEY;STEVEN.CURLEY@sakilacustomer.org;336
317;E317B322;EDWARD;BAUGH;EDWARD.BAUGH@sakilacustomer.org;545
318;B318W323;BRIAN;WYMAN;BRIAN.WYMAN@sakilacustomer.org;97
319;R319W324;RONALD;WEINER;RONALD.WEINER@sakilacustomer.org;451
320;A320S325;ANTHONY;SCHWAB;ANTHONY.SCHWAB@sakilacustomer.org;516
321;K321S326;KEVIN;SCHULER;KEVIN.SCHULER@sakilacustomer.org;81
322;J322M327;JASON;MORRISSEY;JASON.MORRISSEY@sakilacustomer.org;45
323;M323M328;MATTHEW;MAHAN;MATTHEW.MAHAN@sakilacustomer.org;130
324;G324C329;GARY;COY;GARY.COY@sakilacustomer.org;591
325;T325B330;TIMOTHY;BUNN;TIMOTHY.BUNN@sakilacustomer.org;89
326;J326A331;JOSE;ANDREW;JOSE.ANDREW@sakilacustomer.org;269
327;L327T332;LARRY;THRASHER;LARRY.THRASHER@sakilacustomer.org;5
328;J328S333;JEFFREY;SPEAR;JEFFREY.SPEAR@sakilacustomer.org;119
329;F329W334;FRANK;WAGGONER;FRANK.WAGGONER@sakilacustomer.org;234
330;S330S335;SCOTT;SHELLEY;SCOTT.SHELLEY@sakilacustomer.org;42
331;E331R336;ERIC;ROBERT;ERIC.ROBERT@sakilacustomer.org;457
332;S332Q337;STEPHEN;QUALLS;STEPHEN.QUALLS@sakilacustomer.org;143
333;A333P338;ANDREW;PURDY;ANDREW.PURDY@sakilacustomer.org;48
334;R334M339;RAYMOND;MCWHORTER;RAYMOND.MCWHORTER@sakilacustomer.org;505
335;G335M340;GREGORY;MAULDIN;GREGORY.MAULDIN@sakilacustomer.org;492
336;J336M341;JOSHUA;MARK;JOSHUA.MARK@sakilacustomer.org;427
337;J337J342;JERRY;JORDON;JERRY.JORDON@sakilacustomer.org;382
338;D338G343;DENNIS;GILMAN;DENNIS.GILMAN@sakilacustomer.org;392
339;W339P344;WALTER;PERRYMAN;WALTER.PERRYMAN@sakilacustomer.org;581
340;P340N345;PATRICK;NEWSOM;PATRICK.NEWSOM@sakilacustomer.org;201
341;P341M346;PETER;MENARD;PETER.MENARD@sakilacustomer.org;151
342;H342M347;HAROLD;MARTINO;HAROLD.MARTINO@sakilacustomer.org;84
343;D343G348;DOUGLAS;GRAF;DOUGLAS.GRAF@sakilacustomer.org;335
344;H344B349;HENRY;BILLINGSLEY;HENRY.BILLINGSLEY@sakilacustomer.org;370
345;C345A350;CARL;ARTIS;CARL.ARTIS@sakilacustomer.org;453
346;A346S351;ARTHUR;SIMPKINS;ARTHUR.SIMPKINS@sakilacustomer.org;320
347;R347S352;RYAN;SALISBURY;RYAN.SALISBURY@sakilacustomer.org;137
348;R348Q353;ROGER;QUINTANILLA;ROGER.QUINTANILLA@sakilacustomer.org;209
349;J349G354;JOE;GILLILAND;JOE.GILLILAND@sakilacustomer.org;221
350;J350F355;JUAN;FRALEY;JUAN.FRALEY@sakilacustomer.org;531
351;J351F356;JACK;FOUST;JACK.FOUST@sakilacustomer.org;597
352;A352C357;ALBERT;CROUSE;ALBERT.CROUSE@sakilacustomer.org;52
353;J353S358;JONATHAN;SCARBOROUGH;JONATHAN.SCARBOROUGH@sakilacustomer.org;393
354;J354N359;JUSTIN;NGO;JUSTIN.NGO@sakilacustomer.org;461
355;T355G360;TERRY;GRISSOM;TERRY.GRISSOM@sakilacustomer.org;331
356;G356F361;GERALD;FULTZ;GERALD.FULTZ@sakilacustomer.org;464
357;K357R362;KEITH;RICO;KEITH.RICO@sakilacustomer.org;90
358;S358M363;SAMUEL;MARLOW;SAMUEL.MARLOW@sakilacustomer.org;429
359;W359M364;WILLIE;MARKHAM;WILLIE.MARKHAM@sakilacustomer.org;20
360;R360M365;RALPH;MADRIGAL;RALPH.MADRIGAL@sakilacustomer.org;32
361;L361L366;LAWRENCE;LAWTON;LAWRENCE.LAWTON@sakilacustomer.org;585
362;N362B367;NICHOLAS;BARFIELD;NICHOLAS.BARFIELD@sakilacustomer.org;66
363;R363W368;ROY;WHITING;ROY.WHITING@sakilacustomer.org;372
364;B364V369;BENJAMIN;VARNEY;BENJAMIN.VARNEY@sakilacustomer.org;188
365;B365S370;BRUCE;SCHWARZ;BRUCE.SCHWARZ@sakilacustomer.org;377
366;B366H371;BRANDON;HUEY;BRANDON.HUEY@sakilacustomer.org;50
367;A367G372;ADAM;GOOCH;ADAM.GOOCH@sakilacustomer.org;8
368;H368A373;HARRY;ARCE;HARRY.ARCE@sakilacustomer.org;356
369;F369W374;FRED;WHEAT;FRED.WHEAT@sakilacustomer.org;250
370;W370T375;WAYNE;TRUONG;WAYNE.TRUONG@sakilacustomer.org;191
371;B371P376;BILLY;POULIN;BILLY.POULIN@sakilacustomer.org;98
372;S372M377;STEVE;MACKENZIE;STEVE.MACKENZIE@sakilacustomer.org;415
373;L373L378;LOUIS;LEONE;LOUIS.LEONE@sakilacustomer.org;523
374;J374H379;JEREMY;HURTADO;JEREMY.HURTADO@sakilacustomer.org;572
375;A375S380;AARON;SELBY;AARON.SELBY@sakilacustomer.org;348
376;R376G381;RANDY;GAITHER;RANDY.GAITHER@sakilacustomer.org;285
377;H377F382;HOWARD;FORTNER;HOWARD.FORTNER@sakilacustomer.org;265
378;E378C383;EUGENE;CULPEPPER;EUGENE.CULPEPPER@sakilacustomer.org;471
379;C379C384;CARLOS;COUGHLIN;CARLOS.COUGHLIN@sakilacustomer.org;73
380;R380B385;RUSSELL;BRINSON;RUSSELL.BRINSON@sakilacustomer.org;549
381;B381B386;BOBBY;BOUDREAU;BOBBY.BOUDREAU@sakilacustomer.org;493
382;V382B387;VICTOR;BARKLEY;VICTOR.BARKLEY@sakilacustomer.org;322
383;M383B388;MARTIN;BALES;MARTIN.BALES@sakilacustomer.org;360
384;E384S389;ERNEST;STEPP;ERNEST.STEPP@sakilacustomer.org;210
385;P385H390;PHILLIP;HOLM;PHILLIP.HOLM@sakilacustomer.org;521
386;T386T391;TODD;TAN;TODD.TAN@sakilacustomer.org;258
387;J387S392;JESSE;SCHILLING;JESSE.SCHILLING@sakilacustomer.org;315
388;C388M393;CRAIG;MORRELL;CRAIG.MORRELL@sakilacustomer.org;104
389;A389K394;ALAN;KAHN;ALAN.KAHN@sakilacustomer.org;157
390;S390H395;SHAWN;HEATON;SHAWN.HEATON@sakilacustomer.org;358
391;C391G396;CLARENCE;GAMEZ;CLARENCE.GAMEZ@sakilacustomer.org;229
392;S392D397;SEAN;DOUGLASS;SEAN.DOUGLASS@sakilacustomer.org;6
393;P393C398;PHILIP;CAUSEY;PHILIP.CAUSEY@sakilacustomer.org;278
394;C394B399;CHRIS;BROTHERS;CHRIS.BROTHERS@sakilacustomer.org;181
395;J395T400;JOHNNY;TURPIN;JOHNNY.TURPIN@sakilacustomer.org;15
396;E396S401;EARL;SHANKS;EARL.SHANKS@sakilacustomer.org;228
397;J397S402;JIMMY;SCHRADER;JIMMY.SCHRADER@sakilacustomer.org;39
398;A398M403;ANTONIO;MEEK;ANTONIO.MEEK@sakilacustomer.org;44
399;D399I404;DANNY;ISOM;DANNY.ISOM@sakilacustomer.org;375
400;B400H405;BRYAN;HARDISON;BRYAN.HARDISON@sakilacustomer.org;135
401;T401C406;TONY;CARRANZA;TONY.CARRANZA@sakilacustomer.org;276
402;L402Y407;LUIS;YANEZ;LUIS.YANEZ@sakilacustomer.org;92
403;M403W408;MIKE;WAY;MIKE.WAY@sakilacustomer.org;564
404;S404S409;STANLEY;SCROGGINS;STANLEY.SCROGGINS@sakilacustomer.org;380
405;L405S410;LEONARD;SCHOFIELD;LEONARD.SCHOFIELD@sakilacustomer.org;524
406;N406R411;NATHAN;RUNYON;NATHAN.RUNYON@sakilacustomer.org;111
407;D407R412;DALE;RATCLIFF;DALE.RATCLIFF@sakilacustomer.org;437
408;M408M413;MANUEL;MURRELL;MANUEL.MURRELL@sakilacustomer.org;230
409;R409M414;RODNEY;MOELLER;RODNEY.MOELLER@sakilacustomer.org;141
410;C410I415;CURTIS;IRBY;CURTIS.IRBY@sakilacustomer.org;430
411;N411C416;NORMAN;CURRIER;NORMAN.CURRIER@sakilacustomer.org;117
412;A412B417;ALLEN;BUTTERFIELD;ALLEN.BUTTERFIELD@sakilacustomer.org;208
413;M413Y418;MARVIN;YEE;MARVIN.YEE@sakilacustomer.org;71
414;V414R419;VINCENT;RALSTON;VINCENT.RALSTON@sakilacustomer.org;19
415;G415P420;GLENN;PULLEN;GLENN.PULLEN@sakilacustomer.org;23
416;J416P421;JEFFERY;PINSON;JEFFERY.PINSON@sakilacustomer.org;134
417;T417E422;TRAVIS;ESTEP;TRAVIS.ESTEP@sakilacustomer.org;16
418;J418E423;JEFF;EAST;JEFF.EAST@sakilacustomer.org;450
419;C419C424;CHAD;CARBONE;CHAD.CARBONE@sakilacustomer.org;264
420;J420L425;JACOB;LANCE;JACOB.LANCE@sakilacustomer.org;155
421;L421H426;LEE;HAWKS;LEE.HAWKS@sakilacustomer.org;416
422;M422E427;MELVIN;ELLINGTON;MELVIN.ELLINGTON@sakilacustomer.org;293
423;A423C428;ALFRED;CASILLAS;ALFRED.CASILLAS@sakilacustomer.org;465
424;K424S429;KYLE;SPURLOCK;KYLE.SPURLOCK@sakilacustomer.org;468
425;F425S430;FRANCIS;SIKES;FRANCIS.SIKES@sakilacustomer.org;452
426;B426M431;BRADLEY;MOTLEY;BRADLEY.MOTLEY@sakilacustomer.org;418
427;J427M432;JESUS;MCCARTNEY;JESUS.MCCARTNEY@sakilacustomer.org;189
428;H428K433;HERBERT;KRUGER;HERBERT.KRUGER@sakilacustomer.org;510
429;F429I434;FREDERICK;ISBELL;FREDERICK.ISBELL@sakilacustomer.org;547
430;R430H435;RAY;HOULE;RAY.HOULE@sakilacustomer.org;150
431;J431F436;JOEL;FRANCISCO;JOEL.FRANCISCO@sakilacustomer.org;501
432;E432B437;EDWIN;BURK;EDWIN.BURK@sakilacustomer.org;364
433;D433B438;DON;BONE;DON.BONE@sakilacustomer.org;351
434;E434T439;EDDIE;TOMLIN;EDDIE.TOMLIN@sakilacustomer.org;391
435;R435S440;RICKY;SHELBY;RICKY.SHELBY@sakilacustomer.org;249
436;T436Q441;TROY;QUIGLEY;TROY.QUIGLEY@sakilacustomer.org;565
437;R437N442;RANDALL;NEUMANN;RANDALL.NEUMANN@sakilacustomer.org;290
438;B438L443;BARRY;LOVELACE;BARRY.LOVELACE@sakilacustomer.org;272
439;A439F444;ALEXANDER;FENNELL;ALEXANDER.FENNELL@sakilacustomer.org;70
440;B440C445;BERNARD;COLBY;BERNARD.COLBY@sakilacustomer.org;144
441;M441C446;MARIO;CHEATHAM;MARIO.CHEATHAM@sakilacustomer.org;59
442;L442B447;LEROY;BUSTAMANTE;LEROY.BUSTAMANTE@sakilacustomer.org;540
443;F443S448;FRANCISCO;SKIDMORE;FRANCISCO.SKIDMORE@sakilacustomer.org;486
444;M444H449;MARCUS;HIDALGO;MARCUS.HIDALGO@sakilacustomer.org;530
445;M445F450;MICHEAL;FORMAN;MICHEAL.FORMAN@sakilacustomer.org;161
446;T446C451;THEODORE;CULP;THEODORE.CULP@sakilacustomer.org;554
447;C447B452;CLIFFORD;BOWENS;CLIFFORD.BOWENS@sakilacustomer.org;352
448;M448B453;MIGUEL;BETANCOURT;MIGUEL.BETANCOURT@sakilacustomer.org;160
449;O449A454;OSCAR;AQUINO;OSCAR.AQUINO@sakilacustomer.org;481
450;J450R455;JAY;ROBB;JAY.ROBB@sakilacustomer.org;509
451;J451R456;JIM;REA;JIM.REA@sakilacustomer.org;154
452;T452M457;TOM;MILNER;TOM.MILNER@sakilacustomer.org;3
453;C453M458;CALVIN;MARTEL;CALVIN.MARTEL@sakilacustomer.org;326
454;A454G459;ALEX;GRESHAM;ALEX.GRESHAM@sakilacustomer.org;556
455;J455W460;JON;WILES;JON.WILES@sakilacustomer.org;153
456;R456R461;RONNIE;RICKETTS;RONNIE.RICKETTS@sakilacustomer.org;600
457;B457G462;BILL;GAVIN;BILL.GAVIN@sakilacustomer.org;435
458;L458D463;LLOYD;DOWD;LLOYD.DOWD@sakilacustomer.org;532
459;T459C464;TOMMY;COLLAZO;TOMMY.COLLAZO@sakilacustomer.org;423
460;L460B465;LEON;BOSTIC;LEON.BOSTIC@sakilacustomer.org;170
461;D461B466;DEREK;BLAKELY;DEREK.BLAKELY@sakilacustomer.org;182
462;W462S467;WARREN;SHERROD;WARREN.SHERROD@sakilacustomer.org;558
463;D463P468;DARRELL;POWER;DARRELL.POWER@sakilacustomer.org;196
464;J464K469;JEROME;KENYON;JEROME.KENYON@sakilacustomer.org;428
465;F465G470;FLOYD;GANDY;FLOYD.GANDY@sakilacustomer.org;595
466;L466E471;LEO;EBERT;LEO.EBERT@sakilacustomer.org;145
467;A467D472;ALVIN;DELOACH;ALVIN.DELOACH@sakilacustomer.org;129
468;T468C473;TIM;CARY;TIM.CARY@sakilacustomer.org;78
469;W469B474;WESLEY;BULL;WESLEY.BULL@sakilacustomer.org;388
470;G470A475;GORDON;ALLARD;GORDON.ALLARD@sakilacustomer.org;206
471;D471S476;DEAN;SAUER;DEAN.SAUER@sakilacustomer.org;244
472;G472R477;GREG;ROBINS;GREG.ROBINS@sakilacustomer.org;359
473;J473O478;JORGE;OLIVARES;JORGE.OLIVARES@sakilacustomer.org;301
474;D474G479;DUSTIN;GILLETTE;DUSTIN.GILLETTE@sakilacustomer.org;158
475;P475C480;PEDRO;CHESTNUT;PEDRO.CHESTNUT@sakilacustomer.org;385
476;D476B481;DERRICK;BOURQUE;DERRICK.BOURQUE@sakilacustomer.org;179
477;D477P482;DAN;PAINE;DAN.PAINE@sakilacustomer.org;500
478;L478L483;LEWIS;LYMAN;LEWIS.LYMAN@sakilacustomer.org;36
479;Z479H484;ZACHARY;HITE;ZACHARY.HITE@sakilacustomer.org;11
480;C480H485;COREY;HAUSER;COREY.HAUSER@sakilacustomer.org;180
481;H481D486;HERMAN;DEVORE;HERMAN.DEVORE@sakilacustomer.org;347
482;M482C487;MAURICE;CRAWLEY;MAURICE.CRAWLEY@sakilacustomer.org;125
483;V483C488;VERNON;CHAPA;VERNON.CHAPA@sakilacustomer.org;142
484;R484V489;ROBERTO;VU;ROBERTO.VU@sakilacustomer.org;587
485;C485T490;CLYDE;TOBIAS;CLYDE.TOBIAS@sakilacustomer.org;469
486;G486T491;GLEN;TALBERT;GLEN.TALBERT@sakilacustomer.org;4
487;H487P492;HECTOR;POINDEXTER;HECTOR.POINDEXTER@sakilacustomer.org;408
488;S488M493;SHANE;MILLARD;SHANE.MILLARD@sakilacustomer.org;288
489;R489M494;RICARDO;MEADOR;RICARDO.MEADOR@sakilacustomer.org;376
490;S490M495;SAM;MCDUFFIE;SAM.MCDUFFIE@sakilacustomer.org;487
491;R491M496;RICK;MATTOX;RICK.MATTOX@sakilacustomer.org;337
492;L492K497;LESTER;KRAUS;LESTER.KRAUS@sakilacustomer.org;261
493;B493H498;BRENT;HARKINS;BRENT.HARKINS@sakilacustomer.org;504
494;R494C499;RAMON;CHOATE;RAMON.CHOATE@sakilacustomer.org;434
495;C495B500;CHARLIE;BESS;CHARLIE.BESS@sakilacustomer.org;47
496;T496W501;TYLER;WREN;TYLER.WREN@sakilacustomer.org;432
497;G497S502;GILBERT;SLEDGE;GILBERT.SLEDGE@sakilacustomer.org;589
498;G498S503;GENE;SANBORN;GENE.SANBORN@sakilacustomer.org;444
499;M499O504;MARC;OUTLAW;MARC.OUTLAW@sakilacustomer.org;93
500;R500K505;REGINALD;KINDER;REGINALD.KINDER@sakilacustomer.org;318
501;R501G506;RUBEN;GEARY;RUBEN.GEARY@sakilacustomer.org;314
502;B502C507;BRETT;CORNWELL;BRETT.CORNWELL@sakilacustomer.org;478
503;A503B508;ANGEL;BARCLAY;ANGEL.BARCLAY@sakilacustomer.org;552
504;N504A509;NATHANIEL;ADAM;NATHANIEL.ADAM@sakilacustomer.org;245
505;R505A510;RAFAEL;ABNEY;RAFAEL.ABNEY@sakilacustomer.org;519
506;L506S511;LESLIE;SEWARD;LESLIE.SEWARD@sakilacustomer.org;412
507;E507R512;EDGAR;RHOADS;EDGAR.RHOADS@sakilacustomer.org;163
508;M508H513;MILTON;HOWLAND;MILTON.HOWLAND@sakilacustomer.org;568
509;R509F514;RAUL;FORTIER;RAUL.FORTIER@sakilacustomer.org;110
510;B510E515;BEN;EASTER;BEN.EASTER@sakilacustomer.org;259
511;C511B516;CHESTER;BENNER;CHESTER.BENNER@sakilacustomer.org;502
512;C512V517;CECIL;VINES;CECIL.VINES@sakilacustomer.org;312
513;D513T519;DUANE;TUBBS;DUANE.TUBBS@sakilacustomer.org;583
514;F514T520;FRANKLIN;TROUTMAN;FRANKLIN.TROUTMAN@sakilacustomer.org;594
515;A515R521;ANDRE;RAPP;ANDRE.RAPP@sakilacustomer.org;127
516;E516N522;ELMER;NOE;ELMER.NOE@sakilacustomer.org;60
517;B517M523;BRAD;MCCURDY;BRAD.MCCURDY@sakilacustomer.org;116
518;G518H524;GABRIEL;HARDER;GABRIEL.HARDER@sakilacustomer.org;482
519;R519D525;RON;DELUCA;RON.DELUCA@sakilacustomer.org;224
520;M520W526;MITCHELL;WESTMORELAND;MITCHELL.WESTMORELAND@sakilacustomer.org;366
521;R521S527;ROLAND;SOUTH;ROLAND.SOUTH@sakilacustomer.org;588
522;A522H528;ARNOLD;HAVENS;ARNOLD.HAVENS@sakilacustomer.org;458
523;H523G529;HARVEY;GUAJARDO;HARVEY.GUAJARDO@sakilacustomer.org;571
524;J524E530;JARED;ELY;JARED.ELY@sakilacustomer.org;419
525;A525C531;ADRIAN;CLARY;ADRIAN.CLARY@sakilacustomer.org;551
526;K526S532;KARL;SEAL;KARL.SEAL@sakilacustomer.org;101
527;C527M533;CORY;MEEHAN;CORY.MEEHAN@sakilacustomer.org;339
528;C528H534;CLAUDE;HERZOG;CLAUDE.HERZOG@sakilacustomer.org;67
529;E529G535;ERIK;GUILLEN;ERIK.GUILLEN@sakilacustomer.org;75
530;D530A536;DARRYL;ASHCRAFT;DARRYL.ASHCRAFT@sakilacustomer.org;165
531;J531W537;JAMIE;WAUGH;JAMIE.WAUGH@sakilacustomer.org;287
532;N532R538;NEIL;RENNER;NEIL.RENNER@sakilacustomer.org;100
533;J533M539;JESSIE;MILAM;JESSIE.MILAM@sakilacustomer.org;80
534;C534J540;CHRISTIAN;JUNG;CHRISTIAN.JUNG@sakilacustomer.org;24
535;J535E541;JAVIER;ELROD;JAVIER.ELROD@sakilacustomer.org;363
536;F536C542;FERNANDO;CHURCHILL;FERNANDO.CHURCHILL@sakilacustomer.org;539
537;C537B543;CLINTON;BUFORD;CLINTON.BUFORD@sakilacustomer.org;42
538;T538B544;TED;BREAUX;TED.BREAUX@sakilacustomer.org;46
539;M539B545;MATHEW;BOLIN;MATHEW.BOLIN@sakilacustomer.org;561
540;T540A546;TYRONE;ASHER;TYRONE.ASHER@sakilacustomer.org;436
541;D541W547;DARREN;WINDHAM;DARREN.WINDHAM@sakilacustomer.org;309
542;L542T548;LONNIE;TIRADO;LONNIE.TIRADO@sakilacustomer.org;396
543;L543P549;LANCE;PEMBERTON;LANCE.PEMBERTON@sakilacustomer.org;68
544;C544N550;CODY;NOLEN;CODY.NOLEN@sakilacustomer.org;485
545;J545N551;JULIO;NOLAND;JULIO.NOLAND@sakilacustomer.org;275
546;K546K552;KELLY;KNOTT;KELLY.KNOTT@sakilacustomer.org;462
547;K547E553;KURT;EMMONS;KURT.EMMONS@sakilacustomer.org;260
548;A548C554;ALLAN;CORNISH;ALLAN.CORNISH@sakilacustomer.org;528
549;N549C555;NELSON;CHRISTENSON;NELSON.CHRISTENSON@sakilacustomer.org;459
550;G550B556;GUY;BROWNLEE;GUY.BROWNLEE@sakilacustomer.org;599
551;C551B557;CLAYTON;BARBEE;CLAYTON.BARBEE@sakilacustomer.org;21
552;H552W558;HUGH;WALDROP;HUGH.WALDROP@sakilacustomer.org;193
553;M553P559;MAX;PITT;MAX.PITT@sakilacustomer.org;368
554;D554O560;DWAYNE;OLVERA;DWAYNE.OLVERA@sakilacustomer.org;426
555;D555L561;DWIGHT;LOMBARDI;DWIGHT.LOMBARDI@sakilacustomer.org;112
556;A556G562;ARMANDO;GRUBER;ARMANDO.GRUBER@sakilacustomer.org;496
557;F557G563;FELIX;GAFFNEY;FELIX.GAFFNEY@sakilacustomer.org;570
558;J558E564;JIMMIE;EGGLESTON;JIMMIE.EGGLESTON@sakilacustomer.org;577
559;E559B565;EVERETT;BANDA;EVERETT.BANDA@sakilacustomer.org;79
560;J560A566;JORDAN;ARCHULETA;JORDAN.ARCHULETA@sakilacustomer.org;43
561;I561S567;IAN;STILL;IAN.STILL@sakilacustomer.org;178
562;W562S568;WALLACE;SLONE;WALLACE.SLONE@sakilacustomer.org;488
563;K563P569;KEN;PREWITT;KEN.PREWITT@sakilacustomer.org;95
564;B564P570;BOB;PFEIFFER;BOB.PFEIFFER@sakilacustomer.org;580
565;J565N571;JAIME;NETTLES;JAIME.NETTLES@sakilacustomer.org;214
566;C566M572;CASEY;MENA;CASEY.MENA@sakilacustomer.org;538
567;A567M573;ALFREDO;MCADAMS;ALFREDO.MCADAMS@sakilacustomer.org;466
568;A568H574;ALBERTO;HENNING;ALBERTO.HENNING@sakilacustomer.org;55
569;D569G575;DAVE;GARDINER;DAVE.GARDINER@sakilacustomer.org;299
570;I570C576;IVAN;CROMWELL;IVAN.CROMWELL@sakilacustomer.org;341
571;J571C577;JOHNNIE;CHISHOLM;JOHNNIE.CHISHOLM@sakilacustomer.org;409
572;S572B578;SIDNEY;BURLESON;SIDNEY.BURLESON@sakilacustomer.org;133
573;B573B579;BYRON;BOX;BYRON.BOX@sakilacustomer.org;598
574;J574V580;JULIAN;VEST;JULIAN.VEST@sakilacustomer.org;10
575;I575O581;ISAAC;OGLESBY;ISAAC.OGLESBY@sakilacustomer.org;131
576;M576M582;MORRIS;MCCARTER;MORRIS.MCCARTER@sakilacustomer.org;168
577;C577M583;CLIFTON;MALCOLM;CLIFTON.MALCOLM@sakilacustomer.org;526
578;W578L584;WILLARD;LUMPKIN;WILLARD.LUMPKIN@sakilacustomer.org;103
579;D579L585;DARYL;LARUE;DARYL.LARUE@sakilacustomer.org;344
580;R580G586;ROSS;GREY;ROSS.GREY@sakilacustomer.org;219
581;V581W587;VIRGIL;WOFFORD;VIRGIL.WOFFORD@sakilacustomer.org;246
582;A582V588;ANDY;VANHORN;ANDY.VANHORN@sakilacustomer.org;212
583;M583T589;MARSHALL;THORN;MARSHALL.THORN@sakilacustomer.org;494
584;S584T590;SALVADOR;TEEL;SALVADOR.TEEL@sakilacustomer.org;54
585;P585S591;PERRY;SWAFFORD;PERRY.SWAFFORD@sakilacustomer.org;424
586;K586S592;KIRK;STCLAIR;KIRK.STCLAIR@sakilacustomer.org;546
587;S587S593;SERGIO;STANFIELD;SERGIO.STANFIELD@sakilacustomer.org;106
588;M588O594;MARION;OCAMPO;MARION.OCAMPO@sakilacustomer.org;574
589;T589H595;TRACY;HERRMANN;TRACY.HERRMANN@sakilacustomer.org;311
590;S590H596;SETH;HANNON;SETH.HANNON@sakilacustomer.org;14
591;K591A597;KENT;ARSENAULT;KENT.ARSENAULT@sakilacustomer.org;248
592;T592R598;TERRANCE;ROUSH;TERRANCE.ROUSH@sakilacustomer.org;512
593;R593M599;RENE;MCALISTER;RENE.MCALISTER@sakilacustomer.org;177
594;E594H600;EDUARDO;HIATT;EDUARDO.HIATT@sakilacustomer.org;241
595;T595G601;TERRENCE;GUNDERSON;TERRENCE.GUNDERSON@sakilacustomer.org;242
596;E596F602;ENRIQUE;FORSYTHE;ENRIQUE.FORSYTHE@sakilacustomer.org;401
597;F597D603;FREDDIE;DUGGAN;FREDDIE.DUGGAN@sakilacustomer.org;503
598;W598D604;WADE;DELVALLE;WADE.DELVALLE@sakilacustomer.org;296
599;A599C605;AUSTIN;CINTRON;AUSTIN.CINTRON@sakilacustomer.org;537
