id_client,prenom,nom,email
280,TRACEY,BARRETT,TRACEY.BARRETT@sakilacustomer.org
277,OLGA,JIMENEZ,OLGA.JIMENEZ@sakilacustomer.org
363,ROY,WHITING,ROY.WHITING@sakilacustomer.org
284,SONIA,GREGORY,SONIA.GREGORY@sakilacustomer.org
361,LAWRENCE,LAWTON,LAWRENCE.LAWTON@sakilacustomer.org
286,VELMA,LUCAS,VELMA.LUCAS@sakilacustomer.org
338,DENNIS,GILMAN,DENNIS.GILMAN@sakilacustomer.org
352,ALBERT,CROUSE,ALBERT.CROUSE@sakilacustomer.org
409,RODNEY,MOELLER,RODNEY.MOELLER@sakilacustomer.org
250,JO,FOWLER,JO.FOWLER@sakilacustomer.org
257,MARSHA,DOUGLAS,MARSHA.DOUGLAS@sakilacustomer.org
383,MARTIN,BALES,MARTIN.BALES@sakilacustomer.org
387,JESSE,SCHILLING,JESSE.SCHILLING@sakilacustomer.org
375,AARON,SELBY,AARON.SELBY@sakilacustomer.org
432,EDWIN,BURK,EDWIN.BURK@sakilacustomer.org
433,DON,BONE,DON.BONE@sakilacustomer.org
438,BARRY,LOVELACE,BARRY.LOVELACE@sakilacustomer.org
441,MARIO,CHEATHAM,MARIO.CHEATHAM@sakilacustomer.org
528,CLAUDE,HERZOG,CLAUDE.HERZOG@sakilacustomer.org
19,RUTH,MARTINEZ,RUTH.MARTINEZ@sakilacustomer.org
69,JUDY,GRAY,JUDY.GRAY@sakilacustomer.org
83,LOUISE,JENKINS,LOUISE.JENKINS@sakilacustomer.org
176,JUNE,CARROLL,JUNE.CARROLL@sakilacustomer.org
220,CHARLENE,ALVAREZ,CHARLENE.ALVAREZ@sakilacustomer.org
392,SEAN,DOUGLASS,SEAN.DOUGLASS@sakilacustomer.org
535,JAVIER,ELROD,JAVIER.ELROD@sakilacustomer.org
559,EVERETT,BANDA,EVERETT.BANDA@sakilacustomer.org
22,LAURA,RODRIGUEZ,LAURA.RODRIGUEZ@sakilacustomer.org
109,EDNA,WEST,EDNA.WEST@sakilacustomer.org
190,YOLANDA,WEAVER,YOLANDA.WEAVER@sakilacustomer.org
395,JOHNNY,TURPIN,JOHNNY.TURPIN@sakilacustomer.org
423,ALFRED,CASILLAS,ALFRED.CASILLAS@sakilacustomer.org
543,LANCE,PEMBERTON,LANCE.PEMBERTON@sakilacustomer.org
562,WALLACE,SLONE,WALLACE.SLONE@sakilacustomer.org
584,SALVADOR,TEEL,SALVADOR.TEEL@sakilacustomer.org
40,AMANDA,CARTER,AMANDA.CARTER@sakilacustomer.org
125,ETHEL,WEBB,ETHEL.WEBB@sakilacustomer.org
132,ESTHER,CRAWFORD,ESTHER.CRAWFORD@sakilacustomer.org
145,LUCILLE,HOLMES,LUCILLE.HOLMES@sakilacustomer.org
156,BERTHA,FERGUSON,BERTHA.FERGUSON@sakilacustomer.org
193,KATIE,ELLIOTT,KATIE.ELLIOTT@sakilacustomer.org
232,CONSTANCE,REID,CONSTANCE.REID@sakilacustomer.org
335,GREGORY,MAULDIN,GREGORY.MAULDIN@sakilacustomer.org
491,RICK,MATTOX,RICK.MATTOX@sakilacustomer.org
50,DIANE,COLLINS,DIANE.COLLINS@sakilacustomer.org
80,MARILYN,ROSS,MARILYN.ROSS@sakilacustomer.org
134,EMMA,BOYD,EMMA.BOYD@sakilacustomer.org
198,ELSIE,KELLEY,ELSIE.KELLEY@sakilacustomer.org
471,DEAN,SAUER,DEAN.SAUER@sakilacustomer.org
18,CAROL,GARCIA,CAROL.GARCIA@sakilacustomer.org
119,SHERRY,MARSHALL,SHERRY.MARSHALL@sakilacustomer.org
166,LYNN,PAYNE,LYNN.PAYNE@sakilacustomer.org
407,DALE,RATCLIFF,DALE.RATCLIFF@sakilacustomer.org
456,RONNIE,RICKETTS,RONNIE.RICKETTS@sakilacustomer.org
81,ANDREA,HENDERSON,ANDREA.HENDERSON@sakilacustomer.org
97,ANNIE,RUSSELL,ANNIE.RUSSELL@sakilacustomer.org
103,GLADYS,HAMILTON,GLADYS.HAMILTON@sakilacustomer.org
233,LILLIE,KIM,LILLIE.KIM@sakilacustomer.org
555,DWIGHT,LOMBARDI,DWIGHT.LOMBARDI@sakilacustomer.org
481,HERMAN,DEVORE,HERMAN.DEVORE@sakilacustomer.org
